6.991647307979401670e-03,1.103289923749989875e-02,-3.549776150623396281e-03,-3.325933587852655544e-04,2.098109086118221840e-03,4.228539866770727150e-03,9.372544454971294160e-04,8.389372028711100963e-04,5.334981375588593571e-04,3.304290693896382719e-04
1.006001066145357711e-02,1.373689556685218742e-02,-1.761906149429482392e-03,-2.781475667446233532e-03,-1.898020417269727931e-03,-1.414289381092403942e-03,-8.862459392493127349e-05,3.614088976966477228e-04,5.503189856905096270e-04,5.859155375047050279e-04
1.222489589599605984e-02,1.491394873729740521e-02,-2.488369408710604681e-03,-1.327848497614938584e-03,-2.849784196774926494e-04,3.545636812254275572e-03,7.300794516367155622e-04,1.093384201083809522e-03,1.354449246990796062e-03,3.142667153424740607e-05
1.182809018184080747e-02,1.478144432533433708e-02,-4.481753577217865298e-03,-1.430224129637162889e-03,7.723960751807839708e-04,3.467631133873985780e-03,3.861186042231567160e-04,1.066971409192069443e-03,1.122987478685055990e-03,1.398910504843700476e-05
1.009770832808200985e-02,1.342487642567751285e-02,-6.534711624552749266e-03,-2.144178652444884633e-03,-2.288053672983097705e-04,2.529190881318837958e-03,7.619611861673735278e-04,2.351274739908600087e-03,8.737914956964440254e-04,-8.798233422592635286e-04
1.414080757263124974e-02,1.106334262678218203e-02,-6.430641717884963242e-03,-2.608286086976503715e-03,7.041921873284220576e-04,-5.619832244452596355e-04,-1.975882969257282060e-03,-2.822343621739411418e-04,-2.384806624825910903e-04,-2.163114205949240516e-04
1.406775964252670631e-02,1.242277882598653849e-02,-5.695908971727219050e-03,-2.429986772483880980e-03,1.008248843397413974e-03,5.317363374172097250e-04,-2.227589351134605638e-03,-9.553460419044105352e-04,4.587213930836744847e-04,6.845103290226351367e-04
-3.726328697712070082e-03,2.780588614925797418e-03,1.647934745279053302e-03,-4.354289940934219331e-03,-1.715200378555679483e-03,-3.735659045787725722e-03,-1.878331854496734883e-03,1.340680324238131913e-03,2.921111424654319303e-04,-2.555786953664211398e-04
-5.501023995131853507e-03,3.488999111922626989e-03,1.097318456774628226e-03,-3.752035518586431962e-03,-1.847608648094639953e-03,-3.588918511587922168e-03,-1.399456273176558508e-03,1.476946315705114426e-03,1.031744263814188045e-04,-2.834634314749909017e-04
-1.286468885669177567e-03,-8.738529062723671831e-03,7.289003278161894405e-04,-1.109063375526103028e-03,-6.753062915369733568e-04,4.824917561164870613e-04,1.313254233415664211e-03,-5.756958976843705054e-04,1.200911099164984419e-03,4.570384569475800861e-04
-5.567072949388063990e-03,-3.590512688087287366e-03,1.913076218570030880e-03,1.601974869300373154e-03,-9.202836868499903334e-04,-3.026143340202819276e-03,-3.836804264892177069e-04,-4.715175563359169154e-04,-1.917887616620335748e-04,-4.965606765399113894e-04
6.072874692613731799e-03,6.555802548320133552e-03,-2.842474508866835170e-02,2.180415865464478686e-02,8.570050562337087549e-03,-4.852000069536006703e-03,-9.799357392563930007e-04,1.189311480368980458e-03,-1.590528315998556656e-03,3.342266315019584407e-04
1.266422783081864664e-02,1.461380261390160876e-02,-5.417789376097196900e-03,-1.352584495526474879e-03,-3.418100870838737581e-04,2.857093154817586054e-03,2.554629576392550869e-04,7.786268251537473411e-04,1.100856273583544808e-03,-5.700754051844616858e-04
-6.038634127222399471e-03,-3.189013441117796461e-03,4.860869498757653534e-03,1.418716789219423742e-03,1.244845087603053783e-03,6.429065131626999531e-03,-1.922997175989192749e-04,2.014837442463922660e-04,-2.933220930906488885e-03,1.338068395427377023e-03
-4.524280791504177619e-03,-7.353556487120695856e-05,-3.978749670028395788e-03,-3.317266087267862237e-04,8.642626194125764333e-04,5.821717941919705118e-03,-1.401001638720105478e-03,-4.984263871730049752e-04,-3.646907414100530355e-03,1.408518725704803205e-03
1.249822627234569578e-02,1.218443591168363697e-02,-6.598502292067195095e-03,-2.725223874068183859e-03,-1.425876876516734160e-03,1.601261856834232454e-04,-2.208427710840334948e-04,1.026505461011729264e-03,7.488596974402397235e-04,-1.120612600279217823e-03
6.877642478091864492e-03,2.668301796400326421e-03,-3.769982772283417619e-03,-3.903274657100150747e-03,-8.649770455363344239e-04,-6.130440647184861279e-03,-1.410842384337833520e-03,3.606023086002897054e-04,-8.510869260017863477e-04,5.758750256391147442e-04
1.317820609831102732e-02,6.067426566818590224e-03,-2.900611755900697492e-03,-3.084567619271191483e-03,6.096222755453777325e-04,-3.016964725276328162e-03,1.218187425698621885e-03,-1.589118802515809489e-03,-9.235343955802695478e-05,1.027341432223478554e-03
1.285140100600711509e-02,1.106274730300419069e-02,-6.461298565720606513e-03,-3.306222329061277946e-03,-1.566721028178466916e-04,-9.092759598156511906e-04,-1.297270549690961909e-03,-3.826440590031645141e-04,7.501858287892412846e-05,-7.960249340470884746e-04
1.300296266294744332e-02,9.834704419890049482e-03,-6.585954695489895476e-03,-1.430447961023690586e-03,-1.808396064266376330e-04,-1.687962616296530185e-03,-2.850099765794654287e-03,-5.341477919769022521e-04,-2.388029729155023749e-04,-2.350371113956277816e-04
1.349381342420969895e-02,1.253290353255158592e-02,-4.461773516862214094e-03,-2.547589207175148841e-03,-3.575138391648398340e-04,-3.203865236312222579e-03,-2.981860493641648197e-03,-5.264249023558333377e-04,-5.588348350872771302e-04,3.978286122331340627e-04
1.360387378933552646e-02,1.091316605543446103e-02,-4.314937403436186827e-03,-2.384260442485289754e-03,5.797425638210853670e-04,-2.059326449715276515e-03,-2.331885935723744269e-03,-6.963222062821125720e-04,-4.647225818710389142e-04,-1.074355925272812859e-04
7.751392213766921876e-03,1.483407987279290047e-02,-6.639098681919471156e-04,-2.320573066369501294e-03,-4.452540500081621244e-04,-1.948765188098244697e-04,4.271549585330254779e-04,-8.376645022596178021e-04,1.092149365485946136e-03,5.025708440720167433e-04
-6.256415957353775661e-03,5.118505476624644890e-03,6.621927047049827684e-04,-2.316453575994676002e-03,9.697476558174243167e-04,2.511128448135765967e-03,5.091218898141174282e-04,-1.183063746515636673e-04,-8.367752432386462358e-04,9.577474766476001908e-04
4.423640107675200737e-03,1.398741337398430422e-02,-5.373195424365174305e-02,3.138186715395024223e-02,1.783107470776925524e-02,-3.698226137885866991e-03,1.105041880585394022e-02,-6.628320848990648011e-04,-4.168437484388759669e-03,1.716985163479885744e-03
-2.972838315605452145e-04,-3.336621933672555620e-04,-1.582662920821226518e-02,1.084442431661915111e-02,9.413289028608119377e-03,-4.929050055015118253e-03,-6.229910009028170534e-03,-1.720353976506604514e-03,3.176616858331096031e-03,1.395119610797008623e-04
2.985726284098416412e-03,3.562532226276501641e-03,-9.472135492638618717e-03,1.496306296663583004e-03,8.900499841858643861e-04,1.551560712101659762e-03,3.328510936537680542e-03,-2.499591694042713826e-04,-9.815230348347117086e-04,8.933671435984237878e-04
-3.385590614477183933e-03,-3.387523422260230611e-03,-1.897039509086871981e-02,1.002712446775867391e-02,5.799791692674426818e-03,1.499645933055463159e-03,1.026807161117138101e-03,-4.932671855696711856e-03,3.227255437472961014e-04,1.952795340930719645e-03
1.552687881365283004e-02,2.064286281470632367e-04,-7.143787217773829752e-03,7.230937142368673055e-03,-6.106612725223491481e-03,7.009447777763483205e-03,-2.556647377409946610e-03,-1.455634628739041004e-03,-3.261476872909102338e-03,1.565788351334414285e-03
1.624666665520116751e-02,-1.506980990461069710e-02,1.858118432535544456e-02,1.094358108907297379e-02,-1.064524420950171274e-02,-1.223122528507950176e-03,2.137079730982206684e-03,2.068020319294988564e-04,3.342500493072398976e-04,-5.238193733177893543e-04
2.717897042601232632e-02,-1.053779751639344862e-02,4.788619941817431371e-03,3.580387152353398973e-03,-6.160207154711193518e-03,8.179863855459565273e-04,-1.008164527717522789e-04,-1.670633304439617974e-03,-3.435029322168228110e-04,-1.356800870049563556e-04
-6.548550778232093555e-03,-5.625986130381010163e-03,1.875273235866995640e-03,-4.205863243805735806e-03,6.076783247575576891e-03,2.895984103276752920e-03,-1.156651166980742244e-03,1.462863446975977292e-03,-6.602172198291145992e-04,3.052916522205984808e-05
1.314894310157245158e-02,-1.442528038075032749e-02,2.288963282731421023e-02,1.655650776863870979e-02,-1.212244337393469928e-02,-1.024184204185767067e-03,3.144783114409716897e-03,-8.973379661505196184e-04,-1.223742021519047172e-04,-3.380645339039690033e-04
1.272136401369205159e-02,-1.074030880530977075e-02,6.116517477753579020e-03,-6.343407257082246675e-03,-7.046097848594768537e-03,1.129803059381313476e-04,3.257679281177495653e-03,4.403016734968650332e-04,-1.632247320853173105e-03,1.963411686298574804e-03
1.180194664091677691e-02,-1.253440143855531590e-02,1.096937013017914610e-02,1.811704381870557067e-05,-4.501489435210972306e-03,-1.505253909632463336e-03,6.446139086831356160e-04,6.736489225138300816e-04,8.635510950887977837e-04,-2.742953910750153910e-04
-2.946685475496816937e-03,6.802867898767269578e-03,1.535294461472873351e-03,-4.041685451033274687e-03,-1.780435087682418968e-03,-2.879204977348965872e-03,-7.022333449604793677e-04,1.105914345070429855e-03,1.070792055239279394e-03,1.756383166138897431e-04
-2.229963559822748225e-03,-3.630031327405298762e-03,6.070855129561536848e-03,-2.950525811388762017e-03,-1.335450496628055048e-03,1.317246717437684563e-03,1.304713861618926477e-03,1.594624543358719019e-05,-2.579050325301164974e-05,1.158033820406550573e-03
-2.688244755605014372e-02,8.091863171699466631e-03,-9.223093687107131525e-03,3.708799299726432946e-03,-1.366078146161889620e-03,4.835083625648727707e-03,3.446948998499052563e-03,8.509625680404845792e-04,5.802336574592221411e-04,4.210674410563672765e-04
-4.678693907733151060e-03,4.566138863773547447e-03,3.285372450130052968e-03,-2.793795181719416817e-03,-1.869226330450845380e-03,-3.036239567585044975e-03,-3.913777708713789814e-04,8.092338750312026837e-04,-3.627827542957139670e-04,2.266665567516248253e-04
-7.127866772536778535e-03,6.627804485778765464e-03,3.452061733469296775e-03,-4.266735110907911126e-03,-2.197450397477184510e-03,-3.434045726520386539e-03,-5.517258447194607011e-04,1.094003740532903520e-03,4.698190529770940749e-04,2.723335490634631352e-04
-1.001402474234914033e-02,4.542141429560689510e-03,7.642285803003567683e-03,-5.805902692922316685e-03,-3.949334134166523902e-03,1.205833482282812766e-03,-1.487600014807936941e-03,5.054756873644442473e-04,8.920859740064119095e-04,1.983463896548937067e-04
-1.063128185734067699e-02,7.686708114321816332e-03,8.337702238498879287e-03,-2.399241716858080582e-03,-3.195088152261275644e-03,-4.095543376916631687e-03,2.677740715238457504e-03,1.329758386289701510e-03,-4.930597723148491280e-04,9.686927621729626023e-04
-1.473141949037438773e-02,-3.393129546733833490e-03,-1.145159933408141165e-02,1.027508292432895154e-02,-4.281280971963063141e-03,-1.234235866204924604e-03,4.547808593132367304e-04,6.564691738098664756e-04,-5.196758667086139906e-04,-4.227495171393190932e-04
-2.164453501799705817e-02,3.445162970349579645e-03,1.603200443897906434e-03,4.356232763309903812e-03,-2.668573124400754060e-03,-5.615059974681513820e-04,2.090287406727750139e-03,1.419065849373554082e-03,-8.354103059166314085e-04,5.443394736167237683e-04
-1.351293526080268002e-02,2.084443484045372854e-03,4.729181724834213320e-03,3.291718909857507380e-04,2.472156532530067120e-04,5.348198920477926924e-04,4.504038224164780627e-03,1.102863551946465896e-03,-1.423605032617496257e-03,1.091258572700378121e-03
-1.380305343680511033e-02,-1.879951318288812121e-03,2.518741354931529168e-03,1.137475358984280305e-04,5.526763967395987394e-04,-3.582826637344409780e-03,2.605828011782215532e-03,7.264375994732828875e-04,-1.001632506387842595e-03,3.262591935699512679e-04
-4.594886043712625816e-03,1.045294104283671886e-02,6.543052706363066719e-03,-4.410361650785377639e-03,-1.360192164784669068e-03,-7.269512476269576404e-03,7.638295345809236305e-04,-4.850167662878487190e-04,2.319965087224597666e-04,1.488355317507056687e-03
1.255503289709464232e-02,2.044572303173878506e-03,-1.445256452154770888e-03,-4.530054304900486307e-03,-9.329684414491205878e-04,-5.753578617920013412e-03,-6.273769724088706749e-04,-8.888169315738879178e-05,-7.339602974898142224e-05,-1.998860841198201355e-04
1.286640489657773188e-02,-8.423629261399480806e-04,4.706789314684536527e-03,-4.924685621588819305e-03,5.130813933249105943e-04,-9.395622589017346357e-03,-7.694916241368763730e-04,-9.030336499350237944e-04,-3.837232695517577984e-04,1.588584551221537255e-03
-1.078028509629098963e-02,-4.643745320267747556e-03,3.238639752549256606e-03,-1.901711351353883427e-03,-6.002772872093608669e-04,-4.254697779955806530e-03,-9.332922956636075375e-05,-1.088802714395034572e-04,-2.663759077850477719e-04,-8.776318579862406755e-04
-7.815749635975656126e-04,2.745982320002372367e-03,2.610691330903659561e-03,-5.067094994779713750e-03,-1.457406037634222844e-03,-5.592944290174349693e-03,-2.394802425363615987e-03,1.894555023307974064e-03,-1.367901221772680719e-05,-2.505993131358867990e-04
-4.707589412593432381e-03,1.718275475635006435e-03,4.473042110864126029e-03,-4.750219712687027418e-03,-2.610802455939481223e-03,-5.442904013234025999e-03,-1.776774510450956955e-03,1.716943249266078336e-03,4.986470552049966729e-04,1.088732159987153731e-04
-4.171511135518602559e-03,3.538184687096393877e-03,1.626413614025576859e-03,-4.165529417006768806e-03,-1.602254418437618544e-03,-2.607426863529197728e-03,-1.407033187299211972e-03,1.224908253310645276e-03,2.490112063216663946e-04,-1.651144340665657636e-04
-7.421377273815266302e-03,3.662211104732453464e-03,3.378017388625188973e-03,-3.458616308780835397e-03,-2.684679844805373805e-03,-5.651031323191664339e-03,-1.266951818908256845e-03,1.912293621100217937e-03,2.933552552653574891e-04,-9.319463962633247906e-05
-9.738217162640535121e-03,4.374180981391660727e-03,2.665300640028353887e-03,-1.320067557188219463e-03,-3.641982782361868638e-03,-3.255243688928511139e-03,-1.099915984394635171e-03,1.002610655800130479e-03,-3.585307478385210060e-04,-1.130271354307922730e-04
-7.781063531105562696e-03,3.435940160586925876e-04,3.615423960065673650e-03,-8.835562740965352590e-04,-4.410132090171423914e-03,-4.051787164063605853e-03,7.977942710039816242e-05,8.813354786595383470e-04,-5.057033491443433532e-04,-1.104305600898889761e-03
-6.409352895630410218e-03,1.283048278252566995e-02,-1.496978748246629090e-02,1.001742900669079853e-02,1.236054475647767152e-03,2.431871026335635875e-03,4.767332404257872830e-03,-2.266245293098895046e-03,-1.379730042020985235e-03,7.748337078422564610e-05
-1.628673768912745554e-02,1.098359890145851077e-04,-8.118718962733837557e-03,3.605902580343077653e-03,2.386648515870866318e-03,5.779810385502657166e-04,-6.489900211901536138e-05,1.940138849372550264e-04,-6.626961836857231522e-05,-8.845113736039221476e-04
-1.718606224135509758e-02,4.710879264323550308e-03,-1.919745981751138763e-03,1.862160611961658071e-03,-5.016799755612199284e-03,7.736088023497339830e-03,8.692894710458571369e-04,4.307332568127501810e-05,-6.953812704005713071e-04,1.669947066111500790e-04
-1.608125722661904108e-02,1.327309819229689119e-03,-3.716782720180818698e-03,3.180850508062666848e-03,-4.755226163036776338e-03,6.655946306490477353e-03,-5.827765212801013921e-05,-2.692705508098824072e-04,8.294232309910551989e-04,-1.940371400677346045e-04
1.921151091395847943e-02,-1.030479381602951439e-02,7.000327011662892639e-03,1.997519509142632252e-03,-5.206325630905656206e-03,-1.442655048463535421e-03,-2.753305439129440844e-05,-5.140613164045925050e-05,1.269111787381670131e-03,-1.333015274123967343e-03
2.017009009065864888e-02,-3.544046130791508615e-03,-1.798370386027114617e-02,-1.991123135148721232e-02,6.555429098311612961e-03,-3.765298054132338625e-03,-3.874174081007627883e-03,3.719274692420985410e-03,5.091129574609529890e-03,-2.328417929851982031e-03
-3.508813031681471198e-03,2.455309502500943337e-03,-7.571868222364598784e-03,3.386658471948177877e-03,5.162762187412898995e-03,3.123569961382646754e-03,-2.903599293434552028e-03,1.662083827948669440e-03,1.836389573509297464e-03,4.929339534769841937e-04
1.152269625228969155e-02,-3.451311632071067670e-03,-4.330469915451350127e-03,-6.840038214844031995e-03,-3.114131046048265045e-03,-1.507357380275856345e-03,-6.785958222238140354e-04,-6.604210089790506959e-04,-7.542320827223657393e-05,-2.545523956433050870e-03
8.344342627024194103e-03,-1.314325995163272837e-02,1.444017250362775867e-02,9.082513395432836173e-03,-6.271894915403394659e-03,-1.168499822825715476e-03,3.742085991935180291e-03,3.276045134947527977e-04,1.291325815359290136e-04,-1.183794146429728751e-03
-2.301514761798356679e-02,-9.076343876900025420e-03,2.816889535990032677e-03,2.959765121922136501e-03,1.055092919066494880e-03,-1.424022076041693823e-03,4.315666376522212834e-03,-1.328895067941258381e-04,-2.278133053017791603e-04,-4.653742510999895899e-05
1.585358679887334532e-02,-8.352195672217467212e-03,-1.394548947920356066e-02,-2.528157344326497150e-02,9.154048771485662163e-04,-2.026570800135220774e-03,-2.669804896291049640e-03,2.261262305742513766e-03,1.598330688677128582e-03,1.143880043336981903e-03
7.972183689907591866e-03,-1.372475198332469976e-02,1.777306932413728544e-02,6.145603852853942332e-03,-8.163666535834923285e-03,-6.665603901165624958e-04,3.948157266676640721e-03,8.590224882706872043e-04,-8.238827290311028038e-04,-4.642669189685063431e-04
9.660788680389746294e-03,-1.410693866130569886e-02,1.149354990709547039e-02,9.490006000354102647e-03,8.066266594680382082e-03,5.954381091038326310e-04,-1.735688661724767200e-03,1.883511595093028713e-03,3.538483123130071523e-05,-1.759630381446217477e-04
8.871399372053093493e-03,-1.196118389316797211e-02,3.737350144119308895e-03,-2.245394453604710166e-03,5.735052049660419905e-03,-1.513616531784150315e-03,-2.245679661114350755e-03,-7.687092687340776496e-04,3.203915049392372350e-04,3.131048865448963895e-04
2.702139262680569934e-02,-8.553356405735115450e-03,-5.280798971618414807e-03,-1.144378206629403059e-02,-7.665912929553858786e-03,-6.962351759030897466e-03,-3.800646472103833863e-03,-4.607254285608172392e-03,3.913744045038375190e-03,-2.572915909918484581e-03
9.375347086639736205e-03,-1.320939237118079652e-02,1.691401195686677295e-02,8.544147015437470946e-03,-1.081464433402067916e-02,-2.711635889958072948e-03,3.380511931097889434e-03,-1.840836301038271776e-03,-1.024774753579944537e-03,-1.575517155203872127e-03
-3.562005030573059308e-03,-3.331835310532137769e-03,3.959163512191049908e-03,2.053927157905427979e-03,2.289933297050494518e-03,3.747904984590810177e-03,-3.978937662152563781e-03,5.614334422356603805e-04,1.048425825560602917e-03,3.544496204576344967e-04
2.930983300589423864e-03,5.298624144259865380e-03,-3.359664022017141982e-02,-4.091750330753571134e-03,1.668123036276021945e-02,-6.935082324217188218e-04,-8.317723537723382922e-04,2.041879648632080255e-03,-6.839234392378226723e-04,9.532997791573262318e-04
1.911216221245382735e-02,-4.202657675596378263e-04,-1.137938312155530561e-02,6.356170008629260029e-03,1.046149059798882029e-02,-3.880432400159910481e-03,-8.114779835476719841e-03,5.249830656742371241e-04,2.610914763287009322e-03,1.291304948052869562e-03
-1.101667059600385488e-02,-1.016243809456926495e-02,-3.278272506160944365e-03,-4.432853556789430154e-03,1.442443462032072174e-02,-1.600419093804394217e-03,8.387951422115499716e-04,-3.165127755420650731e-03,-2.153262979244732582e-03,-8.776607852793194857e-04
-3.194842894690891940e-03,-5.412205592025079795e-03,-5.305657455323011147e-03,-1.140463045643912328e-02,6.088120601704655535e-03,1.360837426204530376e-03,-2.668144071972107425e-03,2.325694674267051159e-03,1.278114103642177856e-03,1.900696166561985020e-03
-2.585759206657187170e-02,-3.123242106223092854e-03,-3.127278379056369672e-04,-3.768903234288985770e-04,-2.951534412171310118e-03,-2.355598182763439345e-03,3.985936624032046993e-04,4.450768266148985249e-04,-2.262200074717554861e-04,-1.011637832627532586e-03
9.914490258149321559e-04,-1.720901079810507319e-03,-3.806853347373787954e-03,9.905046506842365636e-03,2.925218325956720645e-03,4.400890289545648817e-04,1.097319760399780070e-05,-1.997130278112039213e-03,-3.892844263272088822e-04,-4.681504687650716494e-04
-3.225186578501650775e-03,-1.119167249160043197e-02,1.081758550331596291e-02,9.104888860745717974e-03,1.984079217749916760e-03,1.623087454101504120e-04,-1.694722913017511598e-04,-1.603503008837493609e-04,7.674070318860532662e-04,-2.758097267428628874e-03
2.753122364499199152e-04,-7.914200507627000905e-03,-2.379831388372402254e-02,-2.169301712660156364e-03,5.511890356305274540e-03,4.298522823150662149e-03,2.134946644270097212e-04,-1.065466604044796543e-03,-1.215730986175913219e-03,2.667238401352650277e-04
-1.022307012117198294e-02,8.768065962647359629e-03,-5.431103771815876487e-05,2.372761675491956782e-02,4.676106084491494933e-04,-3.041567527544755071e-03,1.966882901669353857e-03,-1.936882319364439204e-03,1.553008475449885878e-03,-3.534030633299661481e-03
-2.857066048449702009e-02,-2.543640424912444863e-03,3.447591331718589079e-03,-8.597237635609126724e-03,2.178525574137582261e-03,7.552669047932365244e-04,1.841346923164797209e-03,-1.033907564425019451e-03,-5.975905058966485229e-04,1.826820326704652476e-04
-3.108616852316486642e-02,-1.811355855687758450e-03,-2.465362817573058755e-03,-8.604615017156940285e-03,8.284488951587513439e-04,5.193684561703301554e-03,-3.404449735343199456e-03,-5.640459254475524648e-04,8.741376262969717320e-04,-1.447043764310518808e-03
-1.141565504980680650e-02,5.072478046137363951e-03,-3.504354766938430621e-03,9.240413940656069802e-03,2.169147623776062229e-03,5.761750636094128269e-03,-1.961934784881639963e-03,1.187853301614963690e-03,2.346357846569325470e-04,1.494170828047800860e-03
-2.929957582347827647e-02,7.047423562073127333e-03,-1.059180713621757017e-02,-2.369791211503414173e-03,1.329192505473003605e-03,6.685389542490737143e-03,6.352621903966780689e-05,6.966772374542687970e-05,-8.585918761861549000e-04,-5.810225608331192520e-04
9.156667070981713841e-03,-9.216411951100348526e-03,-1.514341154984235943e-03,-4.890800064489319102e-03,7.254736998057008043e-03,-2.111384142112972435e-03,-2.780686732561793873e-03,5.601481386079766632e-04,1.138326035333957166e-03,-6.221033668572022125e-04
8.746451892844966935e-03,-1.439471186489843339e-02,1.446814943972989272e-02,1.187278632912189096e-02,-3.524042936207757385e-03,-1.671669519283569029e-03,6.180714792282971130e-04,-9.245410200262579653e-04,2.367775879775088849e-04,-5.175852631947753125e-04
1.599522500864776139e-02,3.345877749219125247e-03,-9.233801841841129607e-03,7.991323107779666965e-03,5.054628232918919641e-03,2.529995218754937502e-03,-5.994996501665561354e-03,5.001399030450749683e-03,2.535916976662816631e-03,1.337375995605342982e-03
-3.510360030496508551e-04,-8.876542728544658048e-03,5.411827812315749518e-03,-1.263795390416072367e-03,5.239282015657989282e-03,1.845108831374670747e-03,-2.195048604297179361e-03,2.601754828490426179e-04,-1.389001562869896693e-03,1.995641618902193855e-04
-4.342503523891779599e-02,-9.221027366087843763e-03,1.995282344132784901e-03,-3.126965252230875375e-02,3.036830655896988868e-04,4.393868830989656853e-03,9.071943519074201438e-04,-1.666361721433698906e-03,-2.750723798955725854e-03,1.321553422035754268e-03
4.343072527579503427e-03,7.557594900677758014e-03,-1.448479999596621534e-02,1.582030647874100443e-02,-3.351924866896311729e-03,5.461446180068544286e-03,4.814622848783491472e-04,-7.088026172980287955e-04,-6.651902966567110973e-04,-6.555844601940706117e-05
2.061912765101482550e-03,-5.594167451000814535e-03,1.450925183292066248e-03,1.569042619505379163e-03,1.496630982898844225e-03,9.314874927882983886e-04,-2.212626696791085857e-03,1.459642924996229930e-03,-6.097746098474094220e-05,8.987454854463459378e-04
1.670165485777854938e-02,-8.546586750118968789e-03,8.958523886906384192e-04,2.729573447746170764e-03,6.326599600912209340e-03,-2.111745396381057693e-03,-5.306766295895784524e-03,-1.812620204007865535e-03,1.421886903027573968e-03,-3.425403289486126084e-04
-6.567205685736886983e-03,-1.207819136636806810e-02,7.883547361045288582e-03,1.276468941325547462e-03,1.864641417102808887e-03,-1.981857512847344516e-03,7.823299287338493849e-04,2.818198747638063061e-04,4.244640159153976826e-04,-1.949408974413034765e-03
-1.887672336063993608e-02,-6.169146721809753812e-03,3.372459737998975259e-03,-2.062051863873200046e-03,-1.207254957872023939e-03,-4.399786959039824266e-03,5.472980225014383113e-04,8.814543950038729748e-04,-4.864174413083814414e-04,2.796397090759784182e-04
1.686148959317613789e-03,-3.194274610170375148e-03,-5.889285215502196129e-03,-6.383836528080322030e-03,-4.755626646683067116e-03,4.207768857008289606e-03,-3.323495078934044834e-04,-1.855224911901769418e-04,1.558775017617970813e-04,8.478732073366554043e-04
-9.755176292218493278e-03,-6.038445349091399808e-03,1.007662178318079194e-02,1.786993975715739282e-03,-3.146421421730384929e-03,2.887188971921387289e-03,-9.774444483946274735e-04,-5.900047758719569437e-04,7.905299482688575271e-04,-2.635834794440516504e-03
-9.251500871146390442e-03,3.857179891148191340e-03,5.230241134613071614e-03,-2.844014555059891890e-03,-4.172398576005214785e-03,3.342139527805909269e-03,-1.140179214352097549e-03,-3.408345048894925559e-04,7.229312082365399982e-05,-1.090165136911511136e-03
-6.924292603916774522e-03,1.598446293126676689e-03,5.261789202362543612e-03,-4.214745383392660277e-03,-2.332791817421002705e-03,-5.195727421402593403e-04,-1.603152547712294838e-03,2.739597018744855035e-04,2.397067572681424105e-04,-9.675447666258024226e-04
-8.827493893796285740e-03,1.399346165939780026e-03,7.408065167020404587e-03,-6.538730761116331829e-03,-3.227275899582027294e-03,-3.301543569186784176e-03,-3.549795944047743311e-03,1.234660292138938312e-03,-6.743119894247584078e-05,-5.025389251370374717e-04
-4.410742202913786950e-03,2.229607851126056989e-03,3.214316721235183603e-04,-2.581764476565955382e-03,-1.790271945576916209e-03,-1.103534287643291329e-03,-9.211183371508122183e-04,6.086888129789645545e-04,-5.936224867610056643e-04,6.065230417851661272e-04
-1.015708928121659624e-02,2.271404300438039335e-03,6.689978508350871017e-03,-7.509560296276028210e-03,-2.507566221763821200e-04,3.977839156095461584e-03,1.936774479330538443e-05,-3.000049034249910491e-04,4.568405864440114859e-04,4.984269706241101130e-04
-1.580373475921898396e-03,9.427404126379218194e-03,8.717253698825836068e-04,-1.734059803178867199e-03,-8.917049519674936572e-04,4.998877471557051097e-04,2.435590047093036566e-03,-6.842486060609091801e-04,1.577334830087031724e-04,1.444208403086196142e-03
-1.133392893979297961e-02,5.365174094378337942e-03,9.291198915385769433e-03,-4.771789758374387833e-03,-3.809397467476603391e-03,3.542497750763914065e-03,1.373876773710337122e-03,-9.883922359762125753e-04,1.100016907209963070e-03,4.576924604376243831e-04
-8.156481917109674809e-03,3.993394321508122145e-03,4.498261445028671826e-03,-3.073181583490107276e-03,-2.941682143757890291e-03,1.128738002457598802e-03,-3.862032360301055102e-04,-1.053379027836017683e-03,3.095147571263246800e-04,-4.276258437291446013e-04
-3.638050853193341375e-03,2.484521432690908228e-03,1.947805581942027705e-03,-4.588072665566864106e-03,1.450696009537591003e-03,1.772995971677684144e-03,-4.757131623660616803e-04,-1.414447768107230264e-03,-8.801248108279086449e-04,6.771382170592648024e-05
-1.980473466844376654e-02,4.209393324837315542e-03,1.574235328418988728e-04,3.088418108525609832e-03,-3.650200091709260991e-03,6.886956894290826789e-03,9.318768364738157705e-04,-5.873116421578023849e-04,-1.638705714719329142e-04,-1.077962403881281735e-03
-1.513307125886579826e-02,4.707047616783125235e-03,1.732573573466306182e-03,3.229007644224375553e-03,-3.446946188330138588e-03,7.277504235938189736e-03,9.358499549630439627e-04,-1.311431988287560567e-03,-4.138105435047911103e-04,-1.525218711432046364e-03
5.363345128214804490e-03,9.867297606018234427e-03,8.378620945346509225e-04,-2.283180061310068672e-03,1.092355548362322809e-06,8.099752512039932583e-04,2.660212269223007943e-03,2.665822874063663011e-04,-1.123669547577079049e-03,-6.981676107894018834e-04
-1.747488908780704328e-02,4.427310301485939785e-03,-1.243574239442907584e-02,-2.442907020751325809e-03,5.449949804863154362e-03,4.749603222423875136e-03,1.814688438732086099e-03,6.320004229310619915e-04,-1.972405508606516703e-03,7.672930527126002901e-05
5.499057337658894672e-03,3.134917968409961682e-03,-1.004427248129788266e-04,2.351553312276295196e-04,3.871452408659156914e-03,3.855607102236762937e-03,-7.870294838940766801e-04,9.293418597247778915e-04,-1.670252003258641078e-03,-2.241423796614092884e-05
-1.724154430891370118e-02,8.078360904429068888e-04,-5.718166854977170906e-05,2.036898159634904348e-03,-5.634720838348844518e-03,2.938270048532869334e-03,-9.457298539716740534e-04,2.349753305827718833e-04,3.994264148148077005e-04,-8.300322326418355622e-04
-1.449086647087039284e-02,3.250427319035487875e-03,4.244492091213698803e-03,-1.045195213310855942e-04,-5.433923507367333268e-03,4.767449151199864253e-03,-6.858375265020596285e-04,-8.273239604409307049e-04,5.801034088341418867e-04,-1.167126250485981016e-03
-1.050889784831204356e-02,2.289635727361149977e-03,1.162387201901360530e-02,-7.701645248138843693e-03,-3.620300581984005166e-03,-3.176049128252424539e-03,-5.681546806688085030e-04,7.943575313224609472e-04,1.365018462182381737e-03,-1.169761741865657512e-03
-6.700025364416478842e-03,-2.715885520898438880e-03,1.948535018626105370e-02,-1.002315535802848420e-02,-2.456440871612729313e-03,-7.583923506689027767e-03,3.499679939108411592e-03,1.501197798137446230e-03,1.982946533560169759e-03,-7.544131557691064914e-04
-6.899498465829771027e-03,-1.127249439734679358e-02,1.137831336478803933e-02,-1.743204743261962978e-03,-1.022751345067908837e-03,-6.809564083928749088e-03,2.808635897461771429e-03,2.889469557461565819e-04,4.656202196199646067e-04,-1.318351856811083829e-03
5.792081364890352448e-03,-8.353847315556659978e-03,1.175149796533867842e-02,7.573254355046170165e-03,-3.316033066864391542e-03,-5.518835156286338401e-04,1.911974666548837921e-03,1.368768012809946488e-03,-3.915231328548127751e-05,2.666051992257100389e-04
3.527747893397562701e-02,-9.921023937476802085e-04,2.772852544156949230e-03,1.366571847258354856e-03,-3.390332556405940660e-03,2.081989983967921266e-03,5.606573023683895452e-04,-7.866863655984381162e-04,-1.154648249193108728e-03,3.500237078687902016e-04
6.356161031649918726e-03,-2.265105430752592346e-03,1.185298977455096110e-02,6.376344881688241449e-03,-3.929067027995118873e-03,1.662730691422400955e-03,2.877228432879506883e-03,8.537378760423526211e-04,-6.196702692614658881e-04,3.753590442598207658e-04
2.049660861348893276e-02,9.351095097756723096e-03,-8.502855508608860892e-04,-6.729879319805125116e-04,-6.164311139784151060e-04,2.046079395086536530e-03,3.540714168586724369e-03,4.307648006546302530e-04,6.905571433202454916e-04,3.709771563352124444e-04
-7.958704412359593125e-03,-3.424990897152380750e-04,2.993965840430344149e-03,-1.751953279107692574e-03,8.669939630543277301e-04,-2.977416312593328482e-03,9.812033825088845290e-04,6.880339222786486381e-05,5.525706560954942890e-04,2.460699294105659425e-04
-9.147914723270200721e-03,4.141545318919712636e-03,-6.291564961230861758e-03,4.265392470325181373e-03,3.329154430348723204e-03,-2.502135283746894853e-03,-2.639394686230535272e-03,-3.309138665378807270e-03,1.381753148397432468e-03,8.052433138239400079e-04
-5.127171792893531026e-03,3.958973375444720631e-03,5.212257279992817864e-04,-2.526531674809800749e-03,6.181397399330042708e-04,1.604116176219164526e-03,5.958346048470987855e-04,-3.015002158988130351e-06,-3.325718172396898592e-04,8.608669871645605520e-04
-2.636832157863747660e-03,6.829211223047919506e-03,-1.863075875678426750e-03,-2.564440107648488509e-03,3.550131075835701207e-03,-1.243663262308823420e-03,-2.677289986501374744e-04,-3.655352439120709363e-04,-8.932932898767998375e-04,-1.362327341366397914e-04
1.979160203987359590e-02,-1.451139803220609327e-03,3.739417480170526692e-03,1.999241594356285668e-03,-2.247935919624079095e-03,3.213218920295157462e-04,2.298879042956298874e-03,7.253782922046693622e-04,-2.607993113112589247e-04,-4.716961071226891149e-05
6.147950028313780256e-03,-7.768162306755816392e-03,3.603135910264108812e-03,4.862247723922078087e-04,3.260433797908179171e-04,-1.441056789452934686e-03,4.024144457555421835e-03,1.662816494369978885e-03,-1.547376859294349264e-03,-7.186581196234145298e-04
-1.284426166140863017e-02,-6.456907143762947304e-03,-1.367665691271133981e-03,1.099529291086732800e-02,5.283257945438492656e-03,-1.255839442530614063e-03,-1.490562143712540529e-03,-3.159931821627624381e-03,3.453380221322552767e-04,4.841733192415622364e-04
1.043132062666999628e-02,1.957373231023121305e-03,-1.155902776985034963e-02,7.633696121416342836e-03,7.919945769335509644e-03,-4.191962562928095229e-03,-5.202094377338313362e-03,-1.558689247372319064e-03,5.279609604447400763e-04,1.167821959159775352e-03
5.361264240657366564e-03,-1.143461443730571167e-02,3.810245357915761346e-05,-2.986044599339261144e-03,7.749877031501360182e-03,-2.168107079306821373e-03,-3.525690578850115137e-03,-1.156188184031737599e-03,1.213474843817464663e-03,-3.726600369972482281e-04
9.168397909727754938e-03,-8.851188291720504808e-03,6.019405782075327484e-03,9.725535477222607347e-03,1.288579048749091986e-03,-2.790405514535279109e-03,-3.212680498170377222e-03,-3.370718879932399926e-03,2.184541941385463419e-03,4.513735398386022768e-05
1.617539498187811620e-02,-1.468776744718769400e-02,1.637630757877569371e-02,1.049397932409815333e-02,-2.255045157088264932e-03,-1.198185108815817300e-03,-2.546067295405455362e-04,2.480623152877939851e-04,1.035190703260341523e-03,6.203022341505014898e-04
2.224169560739663702e-03,-5.427428553571707337e-03,-4.017313567203597245e-03,-4.148257831379755650e-03,-8.031749547278052006e-04,6.464333714562158634e-03,-1.745500430970645545e-03,7.862386579114400385e-04,-8.155606877606336050e-04,2.228869827617426923e-03
-1.067504198522424043e-02,-9.410154818777088231e-03,2.225088932800974723e-02,1.878015669469254578e-02,3.671094924367739216e-03,3.448120676589363359e-03,-3.296749499358314541e-03,1.933792057110360482e-04,7.706742736473289187e-04,1.303432120492193898e-03
1.173329627632503820e-02,-6.779638850723317470e-03,-1.499221509628959580e-02,-7.131284795238060185e-04,3.555620948454134029e-03,2.677174176426346669e-03,1.577854996456383831e-03,-2.312977476113669238e-03,2.045101685839258230e-04,-1.150772068351652022e-03
2.348161312305497087e-03,-1.652165182053770207e-02,8.448428914945274940e-03,-3.732001916927945770e-04,-6.340889548317496819e-04,-7.149731840932152353e-03,1.131982290055059742e-03,-2.565389322858057405e-04,4.596960946165666410e-04,-1.103161871754529963e-03
-2.007134498441137324e-02,-4.651899277360740416e-03,2.642502716400148537e-03,-9.577626940254439086e-04,-2.786477862272087485e-04,1.766142371515036025e-03,2.984655391792713410e-03,-1.144501693941203354e-03,-1.085159713636537243e-04,-2.371823915368086785e-03
1.354195844860621445e-02,-1.027402697309155039e-02,7.100179017026803444e-03,-2.650985446043489704e-03,1.274404987179852977e-04,-1.094686556288425316e-02,3.100422649751291213e-03,1.268472079478703655e-03,-4.335433178096539659e-04,3.496708799156470230e-04
1.737735360048634371e-03,-1.233097952558836552e-03,-8.881749402177193872e-03,5.541038377230836712e-03,3.068458202245139509e-03,-1.409655323799413769e-04,-9.524091406167720054e-04,-2.519227374208160737e-03,-1.200000755618198792e-04,6.521612945616701460e-04
-1.223954260745869528e-03,-6.151540071447620869e-03,3.658658336080422352e-04,-2.465962806182485714e-03,-1.107970141032331001e-03,2.708694376622956118e-03,3.122908018302272218e-03,-3.890050149638311114e-04,1.100117395242891215e-03,2.112149914344537273e-04
3.234240485210686938e-03,-3.166080786657524647e-03,1.699165126571911032e-03,-2.181785340709469639e-03,-1.602694253663917339e-03,-6.063368943519175736e-04,3.523360699070294394e-03,6.889487372189715157e-04,5.942823414022744112e-04,6.574889770793140679e-04
5.662380014129744094e-03,5.902649864036150183e-03,-2.902395207900472767e-03,-7.489204418623943626e-04,8.089896068452551202e-04,1.607259577447127429e-03,3.530087050115301994e-03,2.495248857399861870e-03,-6.695550690776067623e-04,5.506365132132527837e-04
-7.657341463521381668e-03,-6.873717964414354691e-04,-5.492302843951883326e-04,4.721002063570028115e-04,6.654578957405132790e-04,-8.060668291521817319e-04,2.003205339819982139e-03,9.384911572336255984e-04,-8.771622015891959809e-04,1.229382830654170882e-04
-1.313395469933994683e-02,1.010215426038399292e-03,-2.048649209911494046e-03,9.719690927072886788e-03,2.562486350675113184e-03,7.615979118551371996e-03,-2.623749854224633610e-03,-1.542183080950840354e-03,-7.126377118779551444e-04,-5.965532608533666769e-04
-2.057707531323689151e-02,-4.592896278280020513e-03,6.107024501973908580e-03,-4.105737159065863599e-04,1.957556493831973197e-03,4.339868004783127217e-03,5.112412092448256288e-04,-8.650364144035901275e-04,-3.218766233314327677e-04,-8.780662155225817814e-06
3.040196236123322068e-03,-1.014799455703020541e-02,5.923564930529806073e-03,-5.458831581495481901e-04,1.605554787224657345e-03,-5.466371366550485528e-03,9.097014367575906616e-04,7.024647222167009148e-04,-6.410881208883267455e-04,-5.074309488217159780e-04
-8.935234068755841530e-03,-1.354731703034229868e-03,1.432666911637737323e-02,-7.318749946089932353e-03,-4.641732173617947252e-03,2.259373629323437830e-03,7.702881802804718066e-04,3.063173583525633501e-04,1.073346978168300461e-03,-1.784578111118330021e-03
-2.012003412147710807e-02,4.823614524241498676e-03,3.994499639831170998e-03,3.879166462561126853e-03,-1.606061063785331608e-03,5.047994883422362265e-03,3.264857943397432571e-03,-1.543563031005595844e-03,-3.803126361184530515e-04,-1.525510065256491720e-03
1.286499855334221991e-04,8.477719644149345072e-04,-9.123325610059912147e-03,-5.348217745035005639e-03,4.485136299331989561e-03,3.337585604348868810e-03,-5.793282126797974323e-03,2.754337419811965938e-03,2.429260674867123916e-03,1.549655692941057875e-03
1.139764865171197065e-02,-1.555456668366528641e-02,1.310375628413552353e-02,5.688605812937031284e-03,4.755668829150959051e-03,-5.498944341505653557e-05,-1.064316866247403716e-03,2.598695174092913087e-03,1.945482014142940785e-04,5.586373062871290802e-04
1.303828942537307335e-02,-1.001451716034910434e-02,-1.356304578024352791e-03,-1.957974140556052040e-02,-9.333020773600068584e-03,-3.019310593720560439e-03,3.560856731987343832e-03,-1.541733996693332243e-03,4.024879325967656925e-04,-1.556046795961114459e-03
1.188338710806557952e-02,1.112849614835229387e-02,-5.784958446979759396e-03,-1.049666966712350892e-03,1.106020419844268629e-04,8.682834856589655929e-04,-6.913203568119261847e-04,7.395136400567657456e-04,9.938989110416893581e-04,-6.694785970510321385e-04
1.374978255675083673e-02,1.414264714511118647e-02,-1.725921612556360505e-03,-1.638703212421770529e-03,-1.563274373663403789e-04,2.366515811626708141e-03,1.506292161198622380e-03,9.523315841673176546e-04,1.303789883110183581e-03,2.231237078471121267e-04
1.143541154823941169e-02,1.008586798425135586e-02,-5.204878369331370630e-03,-2.995241095098867198e-03,-2.100888882425569221e-03,6.926866377687544490e-04,5.179910797581258660e-04,1.762074240720881138e-03,5.130803770615276855e-04,-4.528158075432200860e-04
3.179335579371338899e-02,-9.580191624463441080e-03,1.557574136531132258e-03,1.812721973220239200e-03,-6.502283568314596099e-03,7.727901162392769444e-05,5.217977117305301485e-04,-1.352346283716787624e-03,-1.167147746141799060e-03,-1.038339001711094693e-03
1.201047403633865099e-02,1.643235328151717439e-02,-2.931145335370694341e-03,-2.386465376952052412e-03,-8.479002778337751478e-04,-2.405344318367893478e-03,-1.609673823346179913e-03,-1.079980252208461496e-03,4.556745333224067329e-04,5.466019000554038715e-04
1.119103180275022973e-02,1.402681573835872940e-03,4.914672755592117658e-03,-6.091912599578704068e-03,-5.316440992158260465e-04,-9.952567682104942678e-03,-4.778492344147112461e-04,4.244935574963311798e-04,-2.517654091392601090e-04,2.668472185982649278e-03
1.336794086336298183e-02,7.790180997681556141e-03,-4.945275967657047217e-03,-3.081169431067239551e-03,-2.346175622407476167e-06,-3.591409094012770059e-03,-3.563392568469708234e-03,-1.496316960988224249e-03,-7.163079003857414535e-04,1.736289260322275961e-04
1.224498221799819389e-02,8.595694782326992328e-03,-3.614092932483220586e-03,-1.266181726323863154e-03,-1.034766046617719782e-03,5.972020303559356664e-04,2.627726240505522657e-04,-1.477598148920014447e-04,2.796472462853572352e-04,9.390955368131719645e-05
1.278304347044492001e-02,8.140904969655795784e-03,-2.370835844521517344e-03,-1.473813520772850006e-03,-5.371226835437912421e-04,1.314696302882609582e-03,2.246657830678582771e-03,1.490027635967468029e-03,8.099622715449137332e-04,3.670303172794904149e-05
1.822787205250737605e-02,-1.062635879349259002e-02,-6.371687726698736353e-04,-8.707628273271619118e-03,-2.340695510411411762e-03,-3.775829201806833908e-03,-2.253073024131960721e-03,-9.432230551201764134e-04,2.862164996213455853e-03,-2.533161428998165036e-03
2.562798089377731157e-03,-6.047242563039836524e-03,1.155309073742922773e-03,-5.174797581105166668e-03,-2.424694081327297135e-03,1.930150183160480107e-03,1.452656901664580108e-03,2.375205930042340583e-04,-2.641055803783182599e-03,1.433233095238262275e-03
1.038289749167222928e-02,1.095366636556242834e-02,-7.015114879553900444e-03,-2.705698983616317606e-03,3.094117559934035080e-04,-1.122829689442252738e-03,-1.885346056061260435e-03,-4.120143323029526678e-04,-2.806199095545236760e-04,2.988262181605660163e-05
1.096770971902844612e-03,-9.621647302933940618e-03,1.472565955770569965e-02,9.879888534625208552e-03,-3.671751703167409290e-03,-1.366707018729662994e-03,1.986523670454383873e-03,2.295193757420627308e-04,-3.639050700123025754e-04,-6.146566993829394657e-04
-1.345573334592072229e-03,-1.193848879513680072e-02,1.742413775739154805e-02,1.146510898818883795e-02,-5.904684954220824206e-03,-1.291600467080771582e-03,5.523141194863382883e-03,-1.691672547753962977e-04,-5.323388775596954144e-04,-1.091322011359337337e-03
5.771294595705831615e-03,2.145598426286191972e-03,1.786540698647578465e-03,3.317238486758648276e-03,4.962115172887257911e-03,9.843607142477927337e-04,-1.589190433859608053e-03,1.954066631420768878e-04,-6.685017423175396330e-04,-1.630402997298844832e-03
-1.200884195115980990e-02,1.119325750742476873e-03,5.152930269646321775e-03,-1.991624453391188307e-03,-3.211907269901986568e-03,4.872713518543854427e-03,-9.884436770701882004e-04,-7.980376516405024391e-04,-7.045855073915158239e-04,1.446440276296660310e-05
-3.244740415153818738e-03,7.423926496061455764e-03,5.820189636838936538e-03,-4.292567650414352322e-03,-1.567788254409627777e-03,-1.499526203993709018e-03,-2.131986556943141935e-04,3.097495522481187949e-05,-2.927588278548459320e-04,-1.780637351219407840e-04
-2.555672084170665728e-02,-3.725321570577403384e-05,-9.149225141951208146e-03,-3.618761137746744853e-03,-1.081174053659507352e-04,5.980277819763646710e-03,-9.269621419550895351e-05,-1.239257786433730539e-03,6.735977413765435523e-04,-5.200768415947750562e-04
-1.752473045499100893e-02,-6.588382970724324106e-03,5.820782252522260954e-03,-5.401952977645331673e-03,-3.824113938196958568e-03,3.979767621928545496e-03,5.623373183321247158e-03,-9.616772140628468499e-04,-5.199964946588023738e-03,1.082332452870288014e-03
-1.142341269241375391e-02,2.775465625221303946e-03,1.038537178987334578e-04,9.304508880729671014e-03,2.042533103729949565e-03,1.492634233730768525e-03,-1.123890880646153875e-03,-1.469433680035708107e-03,2.387879491909992644e-03,-1.777422577444302734e-03
1.839811345862132561e-02,8.462703254164889027e-03,-1.355901800466861006e-02,7.092333346650820172e-03,9.804490729389266773e-03,-3.244991136790568043e-03,-6.536923527656694419e-03,1.005410364761027390e-05,-4.887730089576595831e-05,1.871575429116686083e-03
-9.802787902127131983e-03,2.778641241882692792e-03,1.302866979928620850e-03,-4.223869356543725855e-03,1.194503032297064950e-03,2.012712933068774857e-03,2.567984805515818479e-04,-5.235073880536549517e-04,-1.412798475696635018e-04,8.519173859834661047e-04
-5.249539848098531622e-03,7.823870609973341064e-03,1.496839087759123344e-03,-3.024526021165102260e-03,1.136362322288432839e-03,1.806988580894898846e-03,1.231521346785807713e-03,8.074531230297147481e-05,-6.858938906187381831e-04,7.937342603901619475e-04
-4.365143900248192980e-03,2.059600650233327657e-03,7.598381839755005190e-06,-3.256604261556705730e-03,1.400304104042461063e-03,3.347397832430092633e-04,-3.182929680173747760e-04,-6.258284857865389645e-05,4.532193666672506141e-06,6.292064973702456761e-04
5.110093451912123622e-03,-1.491337470417509851e-02,1.199540037826066913e-02,9.367769834507523596e-03,5.123230461530355918e-03,-1.041746073029522124e-04,7.641496168557555943e-04,4.155316835310769166e-04,4.957225605938903002e-04,-4.395929628364190350e-04
6.259669780603587669e-03,-6.089791451276364148e-03,-3.534126804629844371e-03,-1.668919303633751433e-02,-6.057237855873453256e-05,7.397474842777096394e-05,-2.189873140363886479e-03,1.523288026341046994e-03,-6.588816565398625919e-05,2.359528874394990934e-03
-6.968041995845742145e-03,4.431719901602090492e-03,-1.548956057983465022e-03,-1.914859813971839784e-04,-4.839971362666324801e-04,3.588890823952190726e-03,3.544747223700192486e-03,-1.980846541263323306e-03,-5.463023936726745661e-04,8.100550265247723506e-04
-1.648653526222522772e-02,9.794361184961998534e-03,-1.477718731573923923e-02,2.620205857878359513e-03,2.630415114261965438e-03,5.626709502001013379e-03,2.217947513790230474e-03,5.267194959923955210e-04,-2.708114928050749277e-03,2.075900369938299492e-03
-6.439062096663061840e-03,5.067114042023031922e-03,-3.400787353832215865e-03,1.917465231553186922e-03,3.267892974860694879e-03,6.065064961637139929e-03,6.302301943620074610e-04,-1.523678575715072285e-04,-3.079625105800101650e-03,2.296494153318329439e-03
